condition,tag,family,support,n_answered,tp,fp,fn,tn,precision,precision_lo,precision_hi,precision_lo_clust,precision_hi_clust,recall,recall_lo,recall_hi,recall_lo_clust,recall_hi_clust,f1,f1_lo_clust,f1_hi_clust,boot_degenerate,baseline_f1,accuracy,baseline_accuracy
camera,is_going_straight,ego_maneuver,456,628,357,107,99,65,0.7694,0.729,0.8054,0.6993,0.8323,0.7829,0.7428,0.8183,0.7067,0.852,0.7761,0.7185,0.8264,False,0.8413,0.672,0.7261
camera,is_turn_left,ego_maneuver,76,628,17,69,59,483,0.1977,0.1272,0.294,0.069,0.3564,0.2237,0.1446,0.3293,0.0864,0.3793,0.2099,0.0795,0.35,False,0.0,0.7962,0.879
camera,is_turn_right,ego_maneuver,60,628,8,45,52,523,0.1509,0.0785,0.2705,0.0462,0.2931,0.1333,0.0691,0.2417,0.0455,0.2237,0.1416,0.047,0.24,False,0.0,0.8455,0.9045
camera,is_u_turn,ego_maneuver,36,628,0,0,36,592,0.0,0.0,0.0,0.0,0.0,0.0,0.0,0.0964,0.0,0.0,0.0,0.0,0.0,True,0.0,0.9427,0.9427
camera,is_cruising,ego_maneuver,236,628,185,279,51,113,0.3987,0.3552,0.4439,0.3205,0.4797,0.7839,0.7271,0.8316,0.696,0.8599,0.5286,0.4481,0.6056,False,0.0,0.4745,0.6242
camera,is_stationary,ego_maneuver,154,628,2,0,152,474,1.0,0.3424,1.0,0.0,1.0,0.013,0.0036,0.0461,0.0,0.0359,0.0256,0.0,0.0694,False,0.0,0.758,0.7548
camera,is_accelerating,ego_maneuver,119,628,0,0,119,509,0.0,0.0,0.0,0.0,0.0,0.0,0.0,0.0313,0.0,0.0,0.0,0.0,0.0,True,0.0,0.8105,0.8105
camera,is_decelerating,ego_maneuver,119,628,0,10,119,499,0.0,0.0,0.2775,0.0,0.0,0.0,0.0,0.0313,0.0,0.0,0.0,0.0,0.0,True,0.0,0.7946,0.8105
camera,lane_change,ego_maneuver,96,628,0,53,96,479,0.0,0.0,0.0676,0.0,0.0,0.0,0.0,0.0385,0.0,0.0,0.0,0.0,0.0,True,0.0,0.7627,0.8471
camera,on_drivable_area,map_context,628,628,628,0,0,0,1.0,0.9939,1.0,1.0,1.0,1.0,0.9939,1.0,1.0,1.0,1.0,1.0,1.0,True,1.0,1.0,1.0
camera,at_intersection,map_context,216,628,73,132,143,280,0.3561,0.2937,0.4237,0.2246,0.5001,0.338,0.2782,0.4034,0.2217,0.4619,0.3468,0.2293,0.4615,False,0.0,0.5621,0.6561
camera,on_lane,map_context,412,628,407,206,5,10,0.6639,0.6256,0.7002,0.5989,0.7255,0.9879,0.9719,0.9948,0.9747,0.9976,0.7941,0.7461,0.8366,False,0.7923,0.664,0.6561
camera,on_ped_crossing,map_context,118,628,0,0,118,510,0.0,0.0,0.0,0.0,0.0,0.0,0.0,0.0315,0.0,0.0,0.0,0.0,0.0,True,0.0,0.8121,0.8121
camera,on_stop_line,map_context,166,628,1,1,165,461,0.5,0.0945,0.9055,0.0,1.0,0.006,0.0011,0.0333,0.0,0.0203,0.0119,0.0,0.0397,False,0.0,0.7357,0.7357
camera,ped_crossing_ahead,map_context,339,628,7,1,332,288,0.875,0.5291,0.9776,0.3333,1.0,0.0206,0.01,0.042,0.003,0.0492,0.0403,0.0059,0.0938,False,0.7011,0.4697,0.5398
camera,stop_line_ahead,map_context,471,628,3,2,468,155,0.6,0.2307,0.8824,0.0,1.0,0.0064,0.0022,0.0186,0.0,0.0147,0.0126,0.0,0.0289,False,0.8571,0.2516,0.75
camera,intersection_ahead,map_context,541,628,199,6,342,81,0.9707,0.9376,0.9865,0.9057,1.0,0.3678,0.3283,0.4093,0.287,0.4494,0.5335,0.4422,0.6154,False,0.9256,0.4459,0.8615
camera,traffic_light_ahead,map_context,144,628,128,109,16,375,0.5401,0.4765,0.6024,0.3822,0.6896,0.8889,0.8271,0.9304,0.7988,0.9557,0.6719,0.5301,0.7874,False,0.0,0.801,0.7707
camera,has_pedestrian,visible_objects,378,628,161,0,217,250,1.0,0.9767,1.0,1.0,1.0,0.4259,0.3771,0.4763,0.321,0.5216,0.5974,0.486,0.6856,True,0.7515,0.6545,0.6019
camera,has_vehicle,visible_objects,584,628,555,6,29,38,0.9893,0.9769,0.9951,0.9785,0.9982,0.9503,0.9296,0.9652,0.9227,0.9745,0.9694,0.9538,0.9833,False,0.9637,0.9443,0.9299
camera,parked_vehicle,visible_objects,362,628,169,23,193,243,0.8802,0.8267,0.9188,0.8041,0.9427,0.4669,0.4161,0.5183,0.3723,0.5637,0.6101,0.5169,0.693,False,0.7313,0.6561,0.5764
camera,moving_vehicle,visible_objects,443,628,390,48,53,137,0.8904,0.8577,0.9163,0.8413,0.9329,0.8804,0.8468,0.9074,0.8276,0.9281,0.8854,0.8466,0.919,False,0.8273,0.8392,0.7054
camera,stopped_vehicle,visible_objects,257,628,55,125,202,246,0.3056,0.2429,0.3763,0.211,0.4153,0.214,0.1683,0.2682,0.1469,0.299,0.2517,0.1792,0.3258,False,0.0,0.4793,0.5908
camera,large_vehicle,visible_objects,406,628,185,6,221,216,0.9686,0.9332,0.9855,0.9406,0.9903,0.4557,0.4079,0.5043,0.3649,0.5475,0.6198,0.529,0.7019,False,0.7853,0.6385,0.6465
camera,cyclist,visible_objects,109,628,24,0,85,519,1.0,0.862,1.0,1.0,1.0,0.2202,0.1527,0.3068,0.0614,0.4368,0.3609,0.1157,0.608,True,0.0,0.8646,0.8264
camera,parked_bicycle,visible_objects,68,628,8,1,60,559,0.8889,0.565,0.9801,0.0,1.0,0.1176,0.0608,0.2154,0.0,0.2317,0.2078,0.0,0.3714,False,0.0,0.9029,0.8917
camera,construction_object,visible_objects,203,628,100,3,103,422,0.9709,0.9178,0.99,0.9189,1.0,0.4926,0.4246,0.5609,0.3244,0.6382,0.6536,0.4856,0.7704,False,0.0,0.8312,0.6768
camera,traffic_cone,visible_objects,135,628,86,10,49,483,0.8958,0.8188,0.9424,0.7949,0.9626,0.637,0.5532,0.7133,0.4622,0.7875,0.7446,0.601,0.8504,False,0.0,0.9061,0.785
camera,barrier,visible_objects,121,628,83,22,38,485,0.7905,0.7031,0.8574,0.6032,0.9096,0.686,0.5986,0.7618,0.4948,0.8254,0.7345,0.5608,0.8414,False,0.0,0.9045,0.8073
camera,pedestrian_near,visible_objects,150,628,114,41,36,437,0.7355,0.661,0.7986,0.5935,0.8528,0.76,0.6857,0.8213,0.6261,0.8667,0.7475,0.6281,0.8399,False,0.0,0.8774,0.7611
camera,vehicle_near,visible_objects,283,628,280,267,3,78,0.5119,0.4701,0.5535,0.4321,0.5871,0.9894,0.9693,0.9964,0.9748,1.0,0.6747,0.6009,0.7373,False,0.0,0.5701,0.5494
camera,lead_vehicle,interaction,314,628,240,121,74,193,0.6648,0.6146,0.7116,0.5718,0.7452,0.7643,0.7144,0.8079,0.669,0.85,0.7111,0.6295,0.779,False,0.6667,0.6895,0.5
camera,lead_braking,interaction,108,628,3,16,105,504,0.1579,0.0552,0.3757,0.0,0.4288,0.0278,0.0095,0.0785,0.0,0.0833,0.0472,0.0,0.1273,False,0.0,0.8073,0.828
camera,cut_in,interaction,109,628,0,0,109,519,0.0,0.0,0.0,0.0,0.0,0.0,0.0,0.034,0.0,0.0,0.0,0.0,0.0,True,0.0,0.8264,0.8264
camera,pedestrian_crossing_path,interaction,98,628,0,0,98,530,0.0,0.0,0.0,0.0,0.0,0.0,0.0,0.0377,0.0,0.0,0.0,0.0,0.0,True,0.0,0.8439,0.8439
cot,is_going_straight,ego_maneuver,456,627,334,109,122,62,0.754,0.7118,0.7918,0.6847,0.8193,0.7325,0.69,0.771,0.6576,0.8055,0.743,0.6831,0.7976,False,0.8413,0.6316,0.7261
cot,is_turn_left,ego_maneuver,76,627,0,1,75,551,0.0,0.0,0.7935,0.0,0.0,0.0,0.0,0.0487,0.0,0.0,0.0,0.0,0.0,True,0.0,0.8788,0.879
cot,is_turn_right,ego_maneuver,60,627,0,4,60,563,0.0,0.0,0.4899,0.0,0.0,0.0,0.0,0.0602,0.0,0.0,0.0,0.0,0.0,True,0.0,0.8979,0.9045
cot,is_u_turn,ego_maneuver,36,627,0,0,36,591,0.0,0.0,0.0,0.0,0.0,0.0,0.0,0.0964,0.0,0.0,0.0,0.0,0.0,True,0.0,0.9426,0.9427
cot,is_cruising,ego_maneuver,236,627,195,248,40,144,0.4402,0.3947,0.4867,0.3612,0.5187,0.8298,0.7765,0.8724,0.748,0.9004,0.5752,0.4952,0.6497,False,0.0,0.5407,0.6242
cot,is_stationary,ego_maneuver,154,626,79,99,74,374,0.4438,0.3728,0.5172,0.3125,0.5777,0.5163,0.4377,0.5942,0.3816,0.6712,0.4773,0.3604,0.5848,False,0.0,0.7236,0.7548
cot,is_accelerating,ego_maneuver,119,627,0,1,119,507,0.0,0.0,0.7935,0.0,0.0,0.0,0.0,0.0313,0.0,0.0,0.0,0.0,0.0,True,0.0,0.8086,0.8105
cot,is_decelerating,ego_maneuver,119,627,0,0,119,508,0.0,0.0,0.0,0.0,0.0,0.0,0.0,0.0313,0.0,0.0,0.0,0.0,0.0,True,0.0,0.8102,0.8105
cot,lane_change,ego_maneuver,96,627,0,0,96,531,0.0,0.0,0.0,0.0,0.0,0.0,0.0,0.0385,0.0,0.0,0.0,0.0,0.0,True,0.0,0.8469,0.8471
cot,on_drivable_area,map_context,628,627,624,0,3,0,1.0,0.9939,1.0,1.0,1.0,0.9952,0.986,0.9984,0.9869,1.0,0.9976,0.9934,1.0,True,1.0,0.9952,1.0
cot,at_intersection,map_context,216,627,29,84,186,328,0.2566,0.185,0.3442,0.125,0.4078,0.1349,0.0956,0.187,0.0621,0.2227,0.1768,0.085,0.278,False,0.0,0.5694,0.6561
cot,on_lane,map_context,412,627,396,197,16,18,0.6678,0.6289,0.7045,0.6013,0.7324,0.9612,0.9379,0.976,0.9268,0.9858,0.7881,0.7368,0.834,False,0.7923,0.6603,0.6561
cot,on_ped_crossing,map_context,118,627,5,31,113,478,0.1389,0.0608,0.2866,0.0,0.3549,0.0424,0.0182,0.0954,0.0,0.0943,0.0649,0.0,0.1429,False,0.0,0.7703,0.8121
cot,on_stop_line,map_context,166,627,39,35,127,426,0.527,0.4148,0.6366,0.3393,0.7143,0.2349,0.1769,0.305,0.1384,0.3438,0.325,0.2022,0.439,False,0.0,0.7416,0.7357
cot,ped_crossing_ahead,map_context,339,627,109,24,229,265,0.8195,0.7455,0.8756,0.6875,0.9192,0.3225,0.2749,0.3741,0.2287,0.4109,0.4628,0.3482,0.5566,False,0.7011,0.5965,0.5398
cot,stop_line_ahead,map_context,471,627,84,3,387,153,0.9655,0.9035,0.9882,0.9143,1.0,0.1783,0.1464,0.2155,0.1225,0.2414,0.3011,0.2165,0.3875,False,0.8571,0.378,0.75
cot,intersection_ahead,map_context,541,627,123,5,417,82,0.9609,0.9118,0.9832,0.9008,1.0,0.2278,0.1944,0.265,0.1694,0.2925,0.3683,0.2875,0.4496,False,0.9256,0.327,0.8615
cot,traffic_light_ahead,map_context,144,627,116,78,27,406,0.5979,0.5277,0.6644,0.4417,0.7337,0.8112,0.7392,0.8669,0.6857,0.9162,0.6884,0.558,0.7866,False,0.0,0.8325,0.7707
cot,has_pedestrian,visible_objects,378,627,216,3,161,247,0.9863,0.9605,0.9953,0.9693,1.0,0.5729,0.5225,0.6219,0.4681,0.6594,0.7248,0.636,0.791,False,0.7515,0.7384,0.6019
cot,has_vehicle,visible_objects,584,627,534,4,49,40,0.9926,0.981,0.9971,0.9844,0.9983,0.916,0.8906,0.9358,0.8768,0.9491,0.9527,0.9309,0.9714,False,0.9637,0.9155,0.9299
cot,parked_vehicle,visible_objects,362,626,203,56,158,209,0.7838,0.7297,0.8296,0.6947,0.8641,0.5623,0.5108,0.6126,0.4742,0.6506,0.6548,0.5786,0.7255,False,0.7313,0.6581,0.5764
cot,moving_vehicle,visible_objects,443,627,391,54,51,131,0.8787,0.845,0.9058,0.8296,0.9186,0.8846,0.8515,0.9111,0.839,0.9231,0.8816,0.8459,0.9128,False,0.8273,0.8325,0.7054
cot,stopped_vehicle,visible_objects,257,627,147,167,109,204,0.4682,0.4137,0.5234,0.3524,0.5821,0.5742,0.513,0.6333,0.4898,0.6543,0.5158,0.4208,0.5962,False,0.0,0.5598,0.5908
cot,large_vehicle,visible_objects,406,627,207,16,198,206,0.9283,0.8866,0.9554,0.8769,0.9665,0.5111,0.4626,0.5595,0.4271,0.5903,0.6592,0.5819,0.7283,False,0.7853,0.6587,0.6465
cot,cyclist,visible_objects,109,627,35,12,74,506,0.7447,0.6049,0.8475,0.4839,0.9118,0.3211,0.2408,0.4136,0.1647,0.5155,0.4487,0.2522,0.6337,False,0.0,0.8628,0.8264
cot,parked_bicycle,visible_objects,68,627,15,2,52,558,0.8824,0.6566,0.9671,0.5,1.0,0.2239,0.1406,0.3371,0.0566,0.3737,0.3571,0.1034,0.5361,False,0.0,0.9139,0.8917
cot,construction_object,visible_objects,203,627,150,41,53,383,0.7853,0.7218,0.8376,0.6702,0.8683,0.7389,0.6745,0.7945,0.61,0.8376,0.7614,0.6564,0.8389,False,0.0,0.8501,0.6768
cot,traffic_cone,visible_objects,135,627,88,34,47,458,0.7213,0.6359,0.7932,0.5769,0.8312,0.6519,0.5683,0.727,0.4867,0.8036,0.6848,0.5484,0.7857,False,0.0,0.8708,0.785
cot,barrier,visible_objects,121,627,86,27,35,479,0.7611,0.6747,0.8303,0.597,0.8634,0.7107,0.6245,0.7841,0.5513,0.8312,0.735,0.5871,0.8295,False,0.0,0.9011,0.8073
cot,pedestrian_near,visible_objects,150,627,114,61,36,416,0.6514,0.5783,0.7181,0.5109,0.7692,0.76,0.6857,0.8213,0.6357,0.8555,0.7015,0.5809,0.7977,False,0.0,0.8453,0.7611
cot,vehicle_near,visible_objects,283,627,270,226,12,119,0.5444,0.5004,0.5877,0.4646,0.6207,0.9574,0.9271,0.9755,0.9233,0.9849,0.6941,0.6239,0.7551,False,0.0,0.6204,0.5494
cot,lead_vehicle,interaction,314,627,188,82,125,232,0.6963,0.639,0.7481,0.6036,0.7778,0.6006,0.5455,0.6534,0.5129,0.6915,0.6449,0.5654,0.7161,False,0.6667,0.6699,0.5
cot,lead_braking,interaction,108,627,8,10,100,509,0.4444,0.2456,0.6628,0.1579,0.6843,0.0741,0.038,0.1394,0.0219,0.1475,0.127,0.0392,0.2338,False,0.0,0.8246,0.828
cot,cut_in,interaction,109,627,0,0,108,519,0.0,0.0,0.0,0.0,0.0,0.0,0.0,0.0343,0.0,0.0,0.0,0.0,0.0,True,0.0,0.8278,0.8264
cot,pedestrian_crossing_path,interaction,98,627,31,18,67,511,0.6327,0.4927,0.7534,0.4249,0.8086,0.3163,0.2327,0.4138,0.2,0.4404,0.4218,0.28,0.5443,False,0.0,0.8644,0.8439
bev_pic,is_going_straight,ego_maneuver,456,628,110,13,346,159,0.8943,0.8275,0.9372,0.797,0.9649,0.2412,0.2042,0.2826,0.1735,0.3282,0.38,0.2891,0.4801,False,0.8413,0.4283,0.7261
bev_pic,is_turn_left,ego_maneuver,76,628,21,143,55,409,0.128,0.0853,0.1878,0.0556,0.2205,0.2763,0.1884,0.3858,0.1348,0.4419,0.175,0.0816,0.2797,False,0.0,0.6847,0.879
bev_pic,is_turn_right,ego_maneuver,60,628,40,301,20,267,0.1173,0.0873,0.1558,0.0665,0.178,0.6667,0.5406,0.7727,0.5397,0.8056,0.1995,0.1208,0.2837,False,0.0,0.4889,0.9045
bev_pic,is_u_turn,ego_maneuver,36,628,0,0,36,592,0.0,0.0,0.0,0.0,0.0,0.0,0.0,0.0964,0.0,0.0,0.0,0.0,0.0,True,0.0,0.9427,0.9427
bev_pic,is_cruising,ego_maneuver,236,628,66,57,170,335,0.5366,0.4487,0.6223,0.4151,0.6542,0.2797,0.2263,0.3401,0.1889,0.376,0.3677,0.2674,0.4672,False,0.0,0.6385,0.6242
bev_pic,is_stationary,ego_maneuver,154,628,0,0,154,474,0.0,0.0,0.0,0.0,0.0,0.0,0.0,0.0243,0.0,0.0,0.0,0.0,0.0,True,0.0,0.7548,0.7548
bev_pic,is_accelerating,ego_maneuver,119,628,0,0,119,509,0.0,0.0,0.0,0.0,0.0,0.0,0.0,0.0313,0.0,0.0,0.0,0.0,0.0,True,0.0,0.8105,0.8105
bev_pic,is_decelerating,ego_maneuver,119,628,0,0,119,509,0.0,0.0,0.0,0.0,0.0,0.0,0.0,0.0313,0.0,0.0,0.0,0.0,0.0,True,0.0,0.8105,0.8105
bev_pic,lane_change,ego_maneuver,96,628,65,276,31,256,0.1906,0.1525,0.2357,0.0988,0.2789,0.6771,0.5783,0.7622,0.4878,0.8571,0.2975,0.1666,0.405,False,0.0,0.5111,0.8471
bev_pic,on_drivable_area,map_context,628,628,628,0,0,0,1.0,0.9939,1.0,1.0,1.0,1.0,0.9939,1.0,1.0,1.0,1.0,1.0,1.0,True,1.0,1.0,1.0
bev_pic,at_intersection,map_context,216,628,124,222,92,190,0.3584,0.3097,0.4102,0.2697,0.4582,0.5741,0.5074,0.6382,0.4575,0.6809,0.4413,0.3497,0.5288,False,0.0,0.5,0.6561
bev_pic,on_lane,map_context,412,628,412,216,0,0,0.6561,0.6181,0.6922,0.5895,0.7194,1.0,0.9908,1.0,1.0,1.0,0.7923,0.7418,0.8368,True,0.7923,0.6561,0.6561
bev_pic,on_ped_crossing,map_context,118,628,0,0,118,510,0.0,0.0,0.0,0.0,0.0,0.0,0.0,0.0315,0.0,0.0,0.0,0.0,0.0,True,0.0,0.8121,0.8121
bev_pic,on_stop_line,map_context,166,628,0,0,166,462,0.0,0.0,0.0,0.0,0.0,0.0,0.0,0.0226,0.0,0.0,0.0,0.0,0.0,True,0.0,0.7357,0.7357
bev_pic,ped_crossing_ahead,map_context,339,628,0,0,339,289,0.0,0.0,0.0,0.0,0.0,0.0,0.0,0.0112,0.0,0.0,0.0,0.0,0.0,True,0.7011,0.4602,0.5398
bev_pic,stop_line_ahead,map_context,471,628,0,0,471,157,0.0,0.0,0.0,0.0,0.0,0.0,0.0,0.0081,0.0,0.0,0.0,0.0,0.0,True,0.8571,0.25,0.75
bev_pic,intersection_ahead,map_context,541,628,219,21,322,66,0.9125,0.8699,0.9421,0.8477,0.9628,0.4048,0.3643,0.4467,0.3362,0.4726,0.5608,0.4869,0.6246,False,0.9256,0.4538,0.8615
bev_pic,traffic_light_ahead,map_context,144,628,0,1,144,483,0.0,0.0,0.7935,0.0,0.0,0.0,0.0,0.026,0.0,0.0,0.0,0.0,0.0,True,0.0,0.7691,0.7707
bev_pic,has_pedestrian,visible_objects,378,628,2,0,376,250,1.0,0.3424,1.0,0.0,1.0,0.0053,0.0015,0.0191,0.0,0.0132,0.0105,0.0,0.026,False,0.7515,0.4013,0.6019
bev_pic,has_vehicle,visible_objects,584,628,584,44,0,0,0.9299,0.9072,0.9474,0.8767,0.9703,1.0,0.9935,1.0,1.0,1.0,0.9637,0.9343,0.9849,True,0.9637,0.9299,0.9299
bev_pic,parked_vehicle,visible_objects,362,628,1,0,361,266,1.0,0.2065,1.0,0.0,1.0,0.0028,0.0005,0.0155,0.0,0.0093,0.0055,0.0,0.0185,False,0.7313,0.4252,0.5764
bev_pic,moving_vehicle,visible_objects,443,628,443,183,0,2,0.7077,0.6709,0.7419,0.6301,0.7804,1.0,0.9914,1.0,1.0,1.0,0.8288,0.7731,0.8766,True,0.8273,0.7086,0.7054
bev_pic,stopped_vehicle,visible_objects,257,628,0,1,257,370,0.0,0.0,0.7935,0.0,0.0,0.0,0.0,0.0147,0.0,0.0,0.0,0.0,0.0,True,0.0,0.5892,0.5908
bev_pic,large_vehicle,visible_objects,406,628,105,16,301,206,0.8678,0.796,0.9169,0.7429,0.96,0.2586,0.2184,0.3033,0.1804,0.3364,0.3985,0.2959,0.4884,False,0.7853,0.4952,0.6465
bev_pic,cyclist,visible_objects,109,628,0,0,109,519,0.0,0.0,0.0,0.0,0.0,0.0,0.0,0.034,0.0,0.0,0.0,0.0,0.0,True,0.0,0.8264,0.8264
bev_pic,parked_bicycle,visible_objects,68,628,0,0,68,560,0.0,0.0,0.0,0.0,0.0,0.0,0.0,0.0535,0.0,0.0,0.0,0.0,0.0,True,0.0,0.8917,0.8917
bev_pic,construction_object,visible_objects,203,628,116,104,87,321,0.5273,0.4614,0.5922,0.3756,0.6549,0.5714,0.5026,0.6376,0.4193,0.7188,0.5485,0.4084,0.665,False,0.0,0.6959,0.6768
bev_pic,traffic_cone,visible_objects,135,628,72,148,63,345,0.3273,0.2687,0.3918,0.1848,0.4734,0.5333,0.4494,0.6154,0.3308,0.719,0.4056,0.2444,0.5517,False,0.0,0.664,0.785
bev_pic,barrier,visible_objects,121,628,97,123,24,384,0.4409,0.3769,0.507,0.2857,0.5752,0.8017,0.7218,0.8629,0.6608,0.9017,0.5689,0.4087,0.691,False,0.0,0.7659,0.8073
bev_pic,pedestrian_near,visible_objects,150,628,1,1,149,477,0.5,0.0945,0.9055,0.0,1.0,0.0067,0.0012,0.0368,0.0,0.0206,0.0132,0.0,0.0404,False,0.0,0.7611,0.7611
bev_pic,vehicle_near,visible_objects,283,628,283,345,0,0,0.4506,0.4121,0.4897,0.3708,0.5294,1.0,0.9866,1.0,1.0,1.0,0.6213,0.541,0.6923,True,0.0,0.4506,0.5494
bev_pic,lead_vehicle,interaction,314,628,186,113,128,201,0.6221,0.5659,0.6752,0.5148,0.7178,0.5924,0.5372,0.6453,0.4871,0.6885,0.6069,0.5132,0.6879,False,0.6667,0.6162,0.5
bev_pic,lead_braking,interaction,108,628,3,3,105,517,0.5,0.1876,0.8124,0.0,1.0,0.0278,0.0095,0.0785,0.0,0.0722,0.0526,0.0,0.1284,False,0.0,0.828,0.828
bev_pic,cut_in,interaction,109,628,0,0,109,519,0.0,0.0,0.0,0.0,0.0,0.0,0.0,0.034,0.0,0.0,0.0,0.0,0.0,True,0.0,0.8264,0.8264
bev_pic,pedestrian_crossing_path,interaction,98,628,0,0,98,530,0.0,0.0,0.0,0.0,0.0,0.0,0.0,0.0377,0.0,0.0,0.0,0.0,0.0,True,0.0,0.8439,0.8439
bev_txt,is_going_straight,ego_maneuver,456,628,0,0,456,172,0.0,0.0,0.0,0.0,0.0,0.0,0.0,0.0084,0.0,0.0,0.0,0.0,0.0,True,0.8413,0.2739,0.7261
bev_txt,is_turn_left,ego_maneuver,76,628,0,0,76,552,0.0,0.0,0.0,0.0,0.0,0.0,0.0,0.0481,0.0,0.0,0.0,0.0,0.0,True,0.0,0.879,0.879
bev_txt,is_turn_right,ego_maneuver,60,628,0,0,60,568,0.0,0.0,0.0,0.0,0.0,0.0,0.0,0.0602,0.0,0.0,0.0,0.0,0.0,True,0.0,0.9045,0.9045
bev_txt,is_u_turn,ego_maneuver,36,628,0,0,36,592,0.0,0.0,0.0,0.0,0.0,0.0,0.0,0.0964,0.0,0.0,0.0,0.0,0.0,True,0.0,0.9427,0.9427
bev_txt,is_cruising,ego_maneuver,236,628,2,3,234,389,0.4,0.1176,0.7693,0.0,1.0,0.0085,0.0023,0.0304,0.0,0.0224,0.0166,0.0,0.0427,False,0.0,0.6226,0.6242
bev_txt,is_stationary,ego_maneuver,154,628,0,0,154,474,0.0,0.0,0.0,0.0,0.0,0.0,0.0,0.0243,0.0,0.0,0.0,0.0,0.0,True,0.0,0.7548,0.7548
bev_txt,is_accelerating,ego_maneuver,119,628,2,12,117,497,0.1429,0.0401,0.3994,0.0,0.375,0.0168,0.0046,0.0592,0.0,0.0414,0.0301,0.0,0.0727,False,0.0,0.7946,0.8105
bev_txt,is_decelerating,ego_maneuver,119,628,0,0,119,509,0.0,0.0,0.0,0.0,0.0,0.0,0.0,0.0313,0.0,0.0,0.0,0.0,0.0,True,0.0,0.8105,0.8105
bev_txt,lane_change,ego_maneuver,96,628,0,0,96,532,0.0,0.0,0.0,0.0,0.0,0.0,0.0,0.0385,0.0,0.0,0.0,0.0,0.0,True,0.0,0.8471,0.8471
bev_txt,on_drivable_area,map_context,628,628,628,0,0,0,1.0,0.9939,1.0,1.0,1.0,1.0,0.9939,1.0,1.0,1.0,1.0,1.0,1.0,True,1.0,1.0,1.0
bev_txt,at_intersection,map_context,216,628,0,0,216,412,0.0,0.0,0.0,0.0,0.0,0.0,0.0,0.0175,0.0,0.0,0.0,0.0,0.0,True,0.0,0.6561,0.6561
bev_txt,on_lane,map_context,412,628,412,216,0,0,0.6561,0.6181,0.6922,0.5895,0.7194,1.0,0.9908,1.0,1.0,1.0,0.7923,0.7418,0.8368,True,0.7923,0.6561,0.6561
bev_txt,on_ped_crossing,map_context,118,628,0,6,118,504,0.0,0.0,0.3903,0.0,0.0,0.0,0.0,0.0315,0.0,0.0,0.0,0.0,0.0,True,0.0,0.8025,0.8121
bev_txt,on_stop_line,map_context,166,628,4,11,162,451,0.2667,0.109,0.5195,0.0,0.4,0.0241,0.0094,0.0603,0.0,0.08,0.0442,0.0,0.1326,False,0.0,0.7245,0.7357
bev_txt,ped_crossing_ahead,map_context,339,628,0,8,339,281,0.0,0.0,0.3244,0.0,0.0,0.0,0.0,0.0112,0.0,0.0,0.0,0.0,0.0,True,0.7011,0.4475,0.5398
bev_txt,stop_line_ahead,map_context,471,628,15,0,456,157,1.0,0.7961,1.0,0.0,1.0,0.0318,0.0194,0.0519,0.0,0.0839,0.0617,0.0,0.1547,False,0.8571,0.2739,0.75
bev_txt,intersection_ahead,map_context,541,628,0,0,541,87,0.0,0.0,0.0,0.0,0.0,0.0,0.0,0.0071,0.0,0.0,0.0,0.0,0.0,True,0.9256,0.1385,0.8615
bev_txt,traffic_light_ahead,map_context,144,628,0,0,144,484,0.0,0.0,0.0,0.0,0.0,0.0,0.0,0.026,0.0,0.0,0.0,0.0,0.0,True,0.0,0.7707,0.7707
bev_txt,has_pedestrian,visible_objects,378,628,371,51,7,199,0.8791,0.8446,0.9069,0.8293,0.9218,0.9815,0.9623,0.991,0.9512,1.0,0.9275,0.8967,0.9532,False,0.7515,0.9076,0.6019
bev_txt,has_vehicle,visible_objects,584,628,570,4,14,40,0.993,0.9822,0.9973,0.9856,0.9984,0.976,0.9602,0.9857,0.959,0.9913,0.9845,0.9742,0.9935,False,0.9637,0.9713,0.9299
bev_txt,parked_vehicle,visible_objects,362,628,8,2,354,264,0.8,0.4902,0.9433,0.5,1.0,0.0221,0.0112,0.043,0.0076,0.0405,0.043,0.0149,0.0772,False,0.7313,0.4331,0.5764
bev_txt,moving_vehicle,visible_objects,443,628,438,128,5,57,0.7739,0.7376,0.8064,0.7026,0.8369,0.9887,0.9739,0.9952,0.978,0.9977,0.8682,0.823,0.9073,False,0.8273,0.7882,0.7054
bev_txt,stopped_vehicle,visible_objects,257,628,3,12,254,359,0.2,0.0705,0.4519,0.0,0.5,0.0117,0.004,0.0338,0.0,0.0266,0.0221,0.0,0.0495,False,0.0,0.5764,0.5908
bev_txt,large_vehicle,visible_objects,406,628,42,3,364,219,0.9333,0.8214,0.9771,0.8108,1.0,0.1034,0.0774,0.1369,0.0582,0.1579,0.1863,0.1098,0.2709,False,0.7853,0.4156,0.6465
bev_txt,cyclist,visible_objects,109,628,15,9,94,510,0.625,0.4271,0.7884,0.2173,0.85,0.1376,0.0852,0.2147,0.0275,0.2727,0.2256,0.0494,0.4022,False,0.0,0.836,0.8264
bev_txt,parked_bicycle,visible_objects,68,628,0,0,68,560,0.0,0.0,0.0,0.0,0.0,0.0,0.0,0.0535,0.0,0.0,0.0,0.0,0.0,True,0.0,0.8917,0.8917
bev_txt,construction_object,visible_objects,203,628,2,0,201,425,1.0,0.3424,1.0,0.0,1.0,0.0099,0.0027,0.0352,0.0,0.0245,0.0195,0.0,0.0479,False,0.0,0.6799,0.6768
bev_txt,traffic_cone,visible_objects,135,628,93,1,42,492,0.9894,0.9422,0.9981,0.9636,1.0,0.6889,0.6065,0.7608,0.5062,0.8619,0.8122,0.6694,0.9216,False,0.0,0.9315,0.785
bev_txt,barrier,visible_objects,121,628,108,6,13,501,0.9474,0.8899,0.9757,0.8804,0.9905,0.8926,0.8248,0.9361,0.8085,0.955,0.9191,0.8611,0.9591,False,0.0,0.9697,0.8073
bev_txt,pedestrian_near,visible_objects,150,628,95,33,55,445,0.7422,0.6601,0.8101,0.5844,0.8481,0.6333,0.5538,0.7062,0.4609,0.7778,0.6835,0.5341,0.7917,False,0.0,0.8599,0.7611
bev_txt,vehicle_near,visible_objects,283,628,247,245,36,100,0.502,0.458,0.546,0.4197,0.581,0.8728,0.8289,0.9067,0.8139,0.9253,0.6374,0.5613,0.7038,False,0.0,0.5525,0.5494
bev_txt,lead_vehicle,interaction,314,628,4,3,310,311,0.5714,0.2505,0.8418,0.0,1.0,0.0127,0.005,0.0323,0.0,0.0379,0.0249,0.0,0.0722,False,0.6667,0.5016,0.5
bev_txt,lead_braking,interaction,108,628,0,0,108,520,0.0,0.0,0.0,0.0,0.0,0.0,0.0,0.0343,0.0,0.0,0.0,0.0,0.0,True,0.0,0.828,0.828
bev_txt,cut_in,interaction,109,628,0,0,109,519,0.0,0.0,0.0,0.0,0.0,0.0,0.0,0.034,0.0,0.0,0.0,0.0,0.0,True,0.0,0.8264,0.8264
bev_txt,pedestrian_crossing_path,interaction,98,628,0,0,98,530,0.0,0.0,0.0,0.0,0.0,0.0,0.0,0.0377,0.0,0.0,0.0,0.0,0.0,True,0.0,0.8439,0.8439
both,is_going_straight,ego_maneuver,456,628,427,141,29,31,0.7518,0.7146,0.7855,0.6841,0.8149,0.9364,0.9102,0.9554,0.8849,0.9737,0.834,0.7853,0.8774,False,0.8413,0.7293,0.7261
both,is_turn_left,ego_maneuver,76,628,10,34,66,518,0.2273,0.1284,0.3699,0.0454,0.5228,0.1316,0.0731,0.2255,0.0282,0.241,0.1667,0.0357,0.3048,False,0.0,0.8408,0.879
both,is_turn_right,ego_maneuver,60,628,1,7,59,561,0.125,0.0224,0.4709,0.0,0.4286,0.0167,0.0029,0.0886,0.0,0.0462,0.0294,0.0,0.08,False,0.0,0.8949,0.9045
both,is_u_turn,ego_maneuver,36,628,0,0,36,592,0.0,0.0,0.0,0.0,0.0,0.0,0.0,0.0964,0.0,0.0,0.0,0.0,0.0,True,0.0,0.9427,0.9427
both,is_cruising,ego_maneuver,236,628,216,352,20,40,0.3803,0.3413,0.4209,0.3105,0.4535,0.9153,0.8727,0.9445,0.8584,0.9597,0.5373,0.4607,0.6095,False,0.0,0.4076,0.6242
both,is_stationary,ego_maneuver,154,628,0,0,154,474,0.0,0.0,0.0,0.0,0.0,0.0,0.0,0.0243,0.0,0.0,0.0,0.0,0.0,True,0.0,0.7548,0.7548
both,is_accelerating,ego_maneuver,119,628,0,0,119,509,0.0,0.0,0.0,0.0,0.0,0.0,0.0,0.0313,0.0,0.0,0.0,0.0,0.0,True,0.0,0.8105,0.8105
both,is_decelerating,ego_maneuver,119,628,0,2,119,507,0.0,0.0,0.6576,0.0,0.0,0.0,0.0,0.0313,0.0,0.0,0.0,0.0,0.0,True,0.0,0.8073,0.8105
both,lane_change,ego_maneuver,96,628,1,7,95,525,0.125,0.0224,0.4709,0.0,0.4444,0.0104,0.0018,0.0567,0.0,0.0377,0.0192,0.0,0.0667,False,0.0,0.8376,0.8471
both,on_drivable_area,map_context,628,628,628,0,0,0,1.0,0.9939,1.0,1.0,1.0,1.0,0.9939,1.0,1.0,1.0,1.0,1.0,1.0,True,1.0,1.0,1.0
both,at_intersection,map_context,216,628,73,123,143,289,0.3724,0.3078,0.442,0.2353,0.5213,0.338,0.2782,0.4034,0.2162,0.4638,0.3544,0.2347,0.4709,False,0.0,0.5764,0.6561
both,on_lane,map_context,412,628,412,216,0,0,0.6561,0.6181,0.6922,0.5895,0.7194,1.0,0.9908,1.0,1.0,1.0,0.7923,0.7418,0.8368,True,0.7923,0.6561,0.6561
both,on_ped_crossing,map_context,118,628,0,0,118,510,0.0,0.0,0.0,0.0,0.0,0.0,0.0,0.0315,0.0,0.0,0.0,0.0,0.0,True,0.0,0.8121,0.8121
both,on_stop_line,map_context,166,628,0,0,166,462,0.0,0.0,0.0,0.0,0.0,0.0,0.0,0.0226,0.0,0.0,0.0,0.0,0.0,True,0.0,0.7357,0.7357
both,ped_crossing_ahead,map_context,339,628,1,0,338,289,1.0,0.2065,1.0,0.0,1.0,0.0029,0.0005,0.0165,0.0,0.0095,0.0059,0.0,0.0189,False,0.7011,0.4618,0.5398
both,stop_line_ahead,map_context,471,628,0,0,471,157,0.0,0.0,0.0,0.0,0.0,0.0,0.0,0.0081,0.0,0.0,0.0,0.0,0.0,True,0.8571,0.25,0.75
both,intersection_ahead,map_context,541,628,191,5,350,82,0.9745,0.9417,0.9891,0.9171,1.0,0.353,0.3139,0.3942,0.2738,0.4366,0.5183,0.4275,0.6016,False,0.9256,0.4347,0.8615
both,traffic_light_ahead,map_context,144,628,120,65,24,419,0.6486,0.5775,0.7138,0.492,0.7877,0.8333,0.764,0.8854,0.7365,0.9231,0.7295,0.6078,0.8243,False,0.0,0.8583,0.7707
both,has_pedestrian,visible_objects,378,628,162,0,216,250,1.0,0.9768,1.0,1.0,1.0,0.4286,0.3796,0.4789,0.3188,0.5219,0.6,0.4835,0.6859,True,0.7515,0.6561,0.6019
both,has_vehicle,visible_objects,584,628,562,15,22,29,0.974,0.9576,0.9842,0.9413,0.9947,0.9623,0.9436,0.975,0.9394,0.9822,0.9681,0.9489,0.984,False,0.9637,0.9411,0.9299
both,parked_vehicle,visible_objects,362,628,130,12,232,254,0.9155,0.8581,0.951,0.8444,0.9673,0.3591,0.3114,0.4098,0.2719,0.4572,0.5159,0.4153,0.6115,False,0.7313,0.6115,0.5764
both,moving_vehicle,visible_objects,443,628,393,71,50,114,0.847,0.8114,0.8769,0.7838,0.8984,0.8871,0.8543,0.9133,0.8354,0.9294,0.8666,0.8226,0.9027,False,0.8273,0.8073,0.7054
both,stopped_vehicle,visible_objects,257,628,37,96,220,275,0.2782,0.2091,0.3598,0.1687,0.4114,0.144,0.1063,0.1921,0.0861,0.2202,0.1897,0.1196,0.2709,False,0.0,0.4968,0.5908
both,large_vehicle,visible_objects,406,628,158,6,248,216,0.9634,0.9225,0.9831,0.9286,0.9883,0.3892,0.343,0.4374,0.3021,0.4745,0.5544,0.4582,0.639,False,0.7853,0.5955,0.6465
both,cyclist,visible_objects,109,628,25,1,84,518,0.9615,0.8111,0.9932,0.7778,1.0,0.2294,0.1605,0.3167,0.0588,0.4552,0.3704,0.1101,0.6212,False,0.0,0.8646,0.8264
both,parked_bicycle,visible_objects,68,628,2,1,66,559,0.6667,0.2077,0.9385,0.0,1.0,0.0294,0.0081,0.101,0.0,0.1053,0.0563,0.0,0.1875,False,0.0,0.8933,0.8917
both,construction_object,visible_objects,203,628,131,19,72,406,0.8733,0.8106,0.9174,0.7615,0.9467,0.6453,0.5774,0.7079,0.4853,0.7778,0.7422,0.6092,0.8341,False,0.0,0.8551,0.6768
both,traffic_cone,visible_objects,135,628,98,24,37,469,0.8033,0.724,0.8641,0.6694,0.9018,0.7259,0.6452,0.7941,0.5664,0.8537,0.7626,0.642,0.8499,False,0.0,0.9029,0.785
both,barrier,visible_objects,121,628,90,40,31,467,0.6923,0.6084,0.7652,0.5056,0.819,0.7438,0.6594,0.8132,0.5599,0.873,0.7171,0.5498,0.8205,False,0.0,0.8869,0.8073
both,pedestrian_near,visible_objects,150,628,117,45,33,433,0.7222,0.6487,0.7854,0.5776,0.8428,0.78,0.7072,0.8388,0.6443,0.8846,0.75,0.6298,0.8408,False,0.0,0.8758,0.7611
both,vehicle_near,visible_objects,283,628,281,286,2,59,0.4956,0.4546,0.5366,0.4146,0.574,0.9929,0.9746,0.9981,0.9812,1.0,0.6612,0.5847,0.7275,False,0.0,0.5414,0.5494
both,lead_vehicle,interaction,314,628,267,168,47,146,0.6138,0.5672,0.6584,0.5199,0.6958,0.8503,0.8066,0.8855,0.7651,0.9218,0.713,0.632,0.7794,False,0.6667,0.6576,0.5
both,lead_braking,interaction,108,628,2,8,106,512,0.2,0.0567,0.5098,0.0,0.5,0.0185,0.0051,0.065,0.0,0.0682,0.0339,0.0,0.1154,False,0.0,0.8185,0.828
both,cut_in,interaction,109,628,0,0,109,519,0.0,0.0,0.0,0.0,0.0,0.0,0.0,0.034,0.0,0.0,0.0,0.0,0.0,True,0.0,0.8264,0.8264
both,pedestrian_crossing_path,interaction,98,628,0,0,98,530,0.0,0.0,0.0,0.0,0.0,0.0,0.0,0.0377,0.0,0.0,0.0,0.0,0.0,True,0.0,0.8439,0.8439
temporal,is_going_straight,ego_maneuver,456,628,456,172,0,0,0.7261,0.6899,0.7595,0.65,0.7981,1.0,0.9916,1.0,1.0,1.0,0.8413,0.7879,0.8877,True,0.8413,0.7261,0.7261
temporal,is_turn_left,ego_maneuver,76,628,0,0,76,552,0.0,0.0,0.0,0.0,0.0,0.0,0.0,0.0481,0.0,0.0,0.0,0.0,0.0,True,0.0,0.879,0.879
temporal,is_turn_right,ego_maneuver,60,628,0,0,60,568,0.0,0.0,0.0,0.0,0.0,0.0,0.0,0.0602,0.0,0.0,0.0,0.0,0.0,True,0.0,0.9045,0.9045
temporal,is_u_turn,ego_maneuver,36,628,0,0,36,592,0.0,0.0,0.0,0.0,0.0,0.0,0.0,0.0964,0.0,0.0,0.0,0.0,0.0,True,0.0,0.9427,0.9427
temporal,is_cruising,ego_maneuver,236,628,236,392,0,0,0.3758,0.3388,0.4143,0.3112,0.4454,1.0,0.984,1.0,1.0,1.0,0.5463,0.4747,0.6163,True,0.0,0.3758,0.6242
temporal,is_stationary,ego_maneuver,154,628,0,0,154,474,0.0,0.0,0.0,0.0,0.0,0.0,0.0,0.0243,0.0,0.0,0.0,0.0,0.0,True,0.0,0.7548,0.7548
temporal,is_accelerating,ego_maneuver,119,628,0,0,119,509,0.0,0.0,0.0,0.0,0.0,0.0,0.0,0.0313,0.0,0.0,0.0,0.0,0.0,True,0.0,0.8105,0.8105
temporal,is_decelerating,ego_maneuver,119,628,0,0,119,509,0.0,0.0,0.0,0.0,0.0,0.0,0.0,0.0313,0.0,0.0,0.0,0.0,0.0,True,0.0,0.8105,0.8105
temporal,lane_change,ego_maneuver,96,628,0,0,96,532,0.0,0.0,0.0,0.0,0.0,0.0,0.0,0.0385,0.0,0.0,0.0,0.0,0.0,True,0.0,0.8471,0.8471
temporal,on_drivable_area,map_context,628,628,628,0,0,0,1.0,0.9939,1.0,1.0,1.0,1.0,0.9939,1.0,1.0,1.0,1.0,1.0,1.0,True,1.0,1.0,1.0
temporal,at_intersection,map_context,216,628,72,100,144,312,0.4186,0.3474,0.4933,0.2647,0.575,0.3333,0.2739,0.3986,0.2094,0.4638,0.3711,0.242,0.4963,False,0.0,0.6115,0.6561
temporal,on_lane,map_context,412,628,412,216,0,0,0.6561,0.6181,0.6922,0.5895,0.7194,1.0,0.9908,1.0,1.0,1.0,0.7923,0.7418,0.8368,True,0.7923,0.6561,0.6561
temporal,on_ped_crossing,map_context,118,628,0,0,118,510,0.0,0.0,0.0,0.0,0.0,0.0,0.0,0.0315,0.0,0.0,0.0,0.0,0.0,True,0.0,0.8121,0.8121
temporal,on_stop_line,map_context,166,628,0,0,166,462,0.0,0.0,0.0,0.0,0.0,0.0,0.0,0.0226,0.0,0.0,0.0,0.0,0.0,True,0.0,0.7357,0.7357
temporal,ped_crossing_ahead,map_context,339,628,7,0,332,289,1.0,0.6457,1.0,0.0,1.0,0.0206,0.01,0.042,0.0,0.0558,0.0405,0.0,0.1056,False,0.7011,0.4713,0.5398
temporal,stop_line_ahead,map_context,471,628,0,0,471,157,0.0,0.0,0.0,0.0,0.0,0.0,0.0,0.0081,0.0,0.0,0.0,0.0,0.0,True,0.8571,0.25,0.75
temporal,intersection_ahead,map_context,541,628,159,5,382,82,0.9695,0.9306,0.9869,0.913,1.0,0.2939,0.2571,0.3336,0.2177,0.3716,0.4511,0.3562,0.5375,False,0.9256,0.3838,0.8615
temporal,traffic_light_ahead,map_context,144,628,124,110,20,374,0.5299,0.466,0.5929,0.3788,0.6777,0.8611,0.7952,0.9083,0.7294,0.9845,0.6561,0.5155,0.7702,False,0.0,0.793,0.7707
temporal,has_pedestrian,visible_objects,378,628,168,7,210,243,0.96,0.9197,0.9805,0.9235,0.9877,0.4444,0.3952,0.4948,0.3391,0.5341,0.6076,0.5,0.6868,False,0.7515,0.6545,0.6019
temporal,has_vehicle,visible_objects,584,628,563,14,21,30,0.9757,0.9597,0.9855,0.9591,0.9899,0.964,0.9457,0.9764,0.9369,0.9856,0.9699,0.9532,0.9845,False,0.9637,0.9443,0.9299
temporal,parked_vehicle,visible_objects,362,627,131,10,230,256,0.9291,0.8744,0.961,0.8535,0.9839,0.3629,0.315,0.4137,0.2646,0.4693,0.5219,0.4096,0.6238,False,0.7313,0.6172,0.5764
temporal,moving_vehicle,visible_objects,443,628,416,66,27,119,0.8631,0.8295,0.8909,0.812,0.91,0.9391,0.9128,0.9578,0.9027,0.9694,0.8995,0.864,0.93,False,0.8273,0.8519,0.7054
temporal,stopped_vehicle,visible_objects,257,628,39,84,218,287,0.3171,0.2414,0.4038,0.1818,0.464,0.1518,0.113,0.2007,0.0798,0.2487,0.2053,0.1134,0.3125,False,0.0,0.5191,0.5908
temporal,large_vehicle,visible_objects,406,628,178,17,228,205,0.9128,0.8648,0.9449,0.8661,0.9518,0.4384,0.391,0.487,0.3381,0.5374,0.5923,0.4924,0.6793,False,0.7853,0.6099,0.6465
temporal,cyclist,visible_objects,109,628,21,0,88,519,1.0,0.8454,1.0,1.0,1.0,0.1927,0.1296,0.2766,0.029,0.4199,0.3231,0.0563,0.5914,True,0.0,0.8599,0.8264
temporal,parked_bicycle,visible_objects,68,628,3,1,65,559,0.75,0.3006,0.9544,0.0,1.0,0.0441,0.0151,0.1219,0.0,0.1139,0.0833,0.0,0.2022,False,0.0,0.8949,0.8917
temporal,construction_object,visible_objects,203,628,93,5,110,420,0.949,0.8861,0.978,0.8723,0.9915,0.4581,0.391,0.5268,0.2889,0.6085,0.6179,0.4372,0.7443,False,0.0,0.8169,0.6768
temporal,traffic_cone,visible_objects,135,628,69,14,66,479,0.8313,0.7366,0.8968,0.6786,0.9333,0.5111,0.4277,0.594,0.3302,0.6718,0.633,0.4512,0.7663,False,0.0,0.8726,0.785
temporal,barrier,visible_objects,121,628,77,16,44,491,0.828,0.7387,0.8912,0.6667,0.9184,0.6364,0.5477,0.7167,0.4286,0.797,0.7196,0.5294,0.8389,False,0.0,0.9045,0.8073
temporal,pedestrian_near,visible_objects,150,628,114,57,36,421,0.6667,0.593,0.733,0.5343,0.7808,0.76,0.6857,0.8213,0.6232,0.8686,0.7103,0.5896,0.7969,False,0.0,0.8519,0.7611
temporal,vehicle_near,visible_objects,283,628,282,287,1,58,0.4956,0.4547,0.5366,0.4163,0.5712,0.9965,0.9803,0.9994,0.9878,1.0,0.662,0.5871,0.7267,False,0.0,0.5414,0.5494
temporal,lead_vehicle,interaction,314,628,288,211,26,103,0.5772,0.5334,0.6197,0.4921,0.6553,0.9172,0.8814,0.9429,0.8432,0.9704,0.7085,0.6302,0.7705,False,0.6667,0.6226,0.5
temporal,lead_braking,interaction,108,628,0,1,108,519,0.0,0.0,0.7935,0.0,0.0,0.0,0.0,0.0343,0.0,0.0,0.0,0.0,0.0,True,0.0,0.8264,0.828
temporal,cut_in,interaction,109,628,0,0,109,519,0.0,0.0,0.0,0.0,0.0,0.0,0.0,0.034,0.0,0.0,0.0,0.0,0.0,True,0.0,0.8264,0.8264
temporal,pedestrian_crossing_path,interaction,98,628,3,0,95,530,1.0,0.4385,1.0,0.0,1.0,0.0306,0.0105,0.0862,0.0,0.0753,0.0594,0.0,0.14,False,0.0,0.8487,0.8439
