condition,tag,family,prevalence,f1,baseline_f1_majority,baseline_f1_always_yes,mcc,balanced_accuracy
camera,is_going_straight,ego_maneuver,0.726,0.7761,0.8413,0.841,0.163,0.58
camera,is_turn_left,ego_maneuver,0.121,0.2099,0.0,0.216,0.094,0.549
camera,is_turn_right,ego_maneuver,0.096,0.1416,0.0,0.174,0.057,0.527
camera,is_u_turn,ego_maneuver,0.057,0.0,0.0,0.108,0.0,0.5
camera,is_cruising,ego_maneuver,0.376,0.5286,0.0,0.546,0.08,0.536
camera,is_stationary,ego_maneuver,0.245,0.0256,0.0,0.394,0.099,0.506
camera,is_accelerating,ego_maneuver,0.189,0.0,0.0,0.319,0.0,0.5
camera,is_decelerating,ego_maneuver,0.189,0.0,0.0,0.319,-0.062,0.49
camera,lane_change,ego_maneuver,0.153,0.0,0.0,0.265,-0.129,0.45
camera,on_drivable_area,map_context,1.0,1.0,1.0,1.0,0.0,0.5
camera,at_intersection,map_context,0.344,0.3468,0.0,0.512,0.018,0.509
camera,on_lane,map_context,0.656,0.7941,0.7923,0.792,0.106,0.517
camera,on_ped_crossing,map_context,0.188,0.0,0.0,0.316,0.0,0.5
camera,on_stop_line,map_context,0.264,0.0119,0.0,0.418,0.03,0.502
camera,ped_crossing_ahead,map_context,0.54,0.0403,0.7011,0.701,0.076,0.509
camera,stop_line_ahead,map_context,0.75,0.0126,0.8571,0.857,-0.031,0.497
camera,intersection_ahead,map_context,0.861,0.5335,0.9256,0.926,0.22,0.649
camera,traffic_light_ahead,map_context,0.229,0.6719,0.0,0.373,0.576,0.832
camera,has_pedestrian,visible_objects,0.602,0.5974,0.7515,0.751,0.478,0.713
camera,has_vehicle,visible_objects,0.93,0.9694,0.9637,0.964,0.673,0.907
camera,parked_vehicle,visible_objects,0.576,0.6101,0.7313,0.731,0.408,0.69
camera,moving_vehicle,visible_objects,0.705,0.8854,0.8273,0.827,0.616,0.81
camera,stopped_vehicle,visible_objects,0.409,0.2517,0.0,0.581,-0.134,0.439
camera,large_vehicle,visible_objects,0.646,0.6198,0.7853,0.785,0.445,0.714
camera,cyclist,visible_objects,0.174,0.3609,0.0,0.296,0.435,0.61
camera,parked_bicycle,visible_objects,0.108,0.2078,0.0,0.195,0.303,0.558
camera,construction_object,visible_objects,0.323,0.6536,0.0,0.489,0.613,0.743
camera,traffic_cone,visible_objects,0.215,0.7446,0.0,0.354,0.704,0.808
camera,barrier,visible_objects,0.193,0.7345,0.0,0.323,0.679,0.821
camera,pedestrian_near,visible_objects,0.239,0.7475,0.0,0.386,0.667,0.837
camera,vehicle_near,visible_objects,0.451,0.6747,0.0,0.621,0.32,0.608
camera,lead_vehicle,interaction,0.5,0.7111,0.6667,0.667,0.383,0.689
camera,lead_braking,interaction,0.172,0.0472,0.0,0.293,-0.007,0.499
camera,cut_in,interaction,0.174,0.0,0.0,0.296,0.0,0.5
camera,pedestrian_crossing_path,interaction,0.156,0.0,0.0,0.27,0.0,0.5
cot,is_going_straight,ego_maneuver,0.727,0.743,0.8413,0.842,0.093,0.548
cot,is_turn_left,ego_maneuver,0.12,0.0,0.0,0.214,-0.015,0.499
cot,is_turn_right,ego_maneuver,0.096,0.0,0.0,0.175,-0.026,0.496
cot,is_u_turn,ego_maneuver,0.057,0.0,0.0,0.109,0.0,0.5
cot,is_cruising,ego_maneuver,0.375,0.5752,0.0,0.545,0.21,0.599
cot,is_stationary,ego_maneuver,0.244,0.4773,0.0,0.393,0.292,0.654
cot,is_accelerating,ego_maneuver,0.19,0.0,0.0,0.319,-0.019,0.499
cot,is_decelerating,ego_maneuver,0.19,0.0,0.0,0.319,0.0,0.5
cot,lane_change,ego_maneuver,0.153,0.0,0.0,0.266,0.0,0.5
cot,on_drivable_area,map_context,1.0,0.9976,1.0,1.0,0.0,0.498
cot,at_intersection,map_context,0.343,0.1768,0.0,0.511,-0.085,0.466
cot,on_lane,map_context,0.657,0.7881,0.7923,0.793,0.094,0.522
cot,on_ped_crossing,map_context,0.188,0.0649,0.0,0.317,-0.031,0.491
cot,on_stop_line,map_context,0.265,0.325,0.0,0.419,0.217,0.58
cot,ped_crossing_ahead,map_context,0.539,0.4628,0.7011,0.701,0.292,0.62
cot,stop_line_ahead,map_context,0.751,0.3011,0.8571,0.858,0.199,0.58
cot,intersection_ahead,map_context,0.861,0.3683,0.9256,0.925,0.146,0.585
cot,traffic_light_ahead,map_context,0.228,0.6884,0.0,0.371,0.59,0.825
cot,has_pedestrian,visible_objects,0.601,0.7248,0.7515,0.751,0.576,0.78
cot,has_vehicle,visible_objects,0.93,0.9527,0.9637,0.964,0.604,0.913
cot,parked_vehicle,visible_objects,0.577,0.6548,0.7313,0.732,0.352,0.676
cot,moving_vehicle,visible_objects,0.705,0.8816,0.8273,0.827,0.596,0.796
cot,stopped_vehicle,visible_objects,0.408,0.5158,0.0,0.58,0.122,0.562
cot,large_vehicle,visible_objects,0.646,0.6592,0.7853,0.785,0.439,0.72
cot,cyclist,visible_objects,0.174,0.4487,0.0,0.296,0.429,0.649
cot,parked_bicycle,visible_objects,0.107,0.3571,0.0,0.193,0.419,0.61
cot,construction_object,visible_objects,0.324,0.7614,0.0,0.489,0.653,0.821
cot,traffic_cone,visible_objects,0.215,0.6848,0.0,0.354,0.605,0.791
cot,barrier,visible_objects,0.193,0.735,0.0,0.324,0.675,0.829
cot,pedestrian_near,visible_objects,0.239,0.7015,0.0,0.386,0.601,0.816
cot,vehicle_near,visible_objects,0.45,0.6941,0.0,0.62,0.37,0.651
cot,lead_vehicle,interaction,0.499,0.6449,0.6667,0.666,0.343,0.67
cot,lead_braking,interaction,0.172,0.127,0.0,0.294,0.124,0.527
cot,cut_in,interaction,0.172,0.0,0.0,0.294,0.0,0.5
cot,pedestrian_crossing_path,interaction,0.156,0.4218,0.0,0.27,0.382,0.641
bev_pic,is_going_straight,ego_maneuver,0.726,0.38,0.8413,0.841,0.186,0.583
bev_pic,is_turn_left,ego_maneuver,0.121,0.175,0.0,0.216,0.013,0.509
bev_pic,is_turn_right,ego_maneuver,0.096,0.1995,0.0,0.174,0.081,0.568
bev_pic,is_u_turn,ego_maneuver,0.057,0.0,0.0,0.108,0.0,0.5
bev_pic,is_cruising,ego_maneuver,0.376,0.3677,0.0,0.546,0.164,0.567
bev_pic,is_stationary,ego_maneuver,0.245,0.0,0.0,0.394,0.0,0.5
bev_pic,is_accelerating,ego_maneuver,0.189,0.0,0.0,0.319,0.0,0.5
bev_pic,is_decelerating,ego_maneuver,0.189,0.0,0.0,0.319,0.0,0.5
bev_pic,lane_change,ego_maneuver,0.153,0.2975,0.0,0.265,0.114,0.579
bev_pic,on_drivable_area,map_context,1.0,1.0,1.0,1.0,0.0,0.5
bev_pic,at_intersection,map_context,0.344,0.4413,0.0,0.512,0.034,0.518
bev_pic,on_lane,map_context,0.656,0.7923,0.7923,0.792,0.0,0.5
bev_pic,on_ped_crossing,map_context,0.188,0.0,0.0,0.316,0.0,0.5
bev_pic,on_stop_line,map_context,0.264,0.0,0.0,0.418,0.0,0.5
bev_pic,ped_crossing_ahead,map_context,0.54,0.0,0.7011,0.701,0.0,0.5
bev_pic,stop_line_ahead,map_context,0.75,0.0,0.8571,0.857,0.0,0.5
bev_pic,intersection_ahead,map_context,0.861,0.5608,0.9256,0.926,0.116,0.582
bev_pic,traffic_light_ahead,map_context,0.229,0.0,0.0,0.373,-0.022,0.499
bev_pic,has_pedestrian,visible_objects,0.602,0.0105,0.7515,0.751,0.046,0.503
bev_pic,has_vehicle,visible_objects,0.93,0.9637,0.9637,0.964,0.0,0.5
bev_pic,parked_vehicle,visible_objects,0.576,0.0055,0.7313,0.731,0.034,0.501
bev_pic,moving_vehicle,visible_objects,0.705,0.8288,0.8273,0.827,0.087,0.505
bev_pic,stopped_vehicle,visible_objects,0.409,0.0,0.0,0.581,-0.033,0.499
bev_pic,large_vehicle,visible_objects,0.646,0.3985,0.7853,0.785,0.226,0.593
bev_pic,cyclist,visible_objects,0.174,0.0,0.0,0.296,0.0,0.5
bev_pic,parked_bicycle,visible_objects,0.108,0.0,0.0,0.195,0.0,0.5
bev_pic,construction_object,visible_objects,0.323,0.5485,0.0,0.489,0.32,0.663
bev_pic,traffic_cone,visible_objects,0.215,0.4056,0.0,0.354,0.201,0.617
bev_pic,barrier,visible_objects,0.193,0.5689,0.0,0.323,0.462,0.78
bev_pic,pedestrian_near,visible_objects,0.239,0.0132,0.0,0.386,0.035,0.502
bev_pic,vehicle_near,visible_objects,0.451,0.6213,0.0,0.621,0.0,0.5
bev_pic,lead_vehicle,interaction,0.5,0.6069,0.6667,0.667,0.233,0.616
bev_pic,lead_braking,interaction,0.172,0.0526,0.0,0.293,0.085,0.511
bev_pic,cut_in,interaction,0.174,0.0,0.0,0.296,0.0,0.5
bev_pic,pedestrian_crossing_path,interaction,0.156,0.0,0.0,0.27,0.0,0.5
bev_txt,is_going_straight,ego_maneuver,0.726,0.0,0.8413,0.841,0.0,0.5
bev_txt,is_turn_left,ego_maneuver,0.121,0.0,0.0,0.216,0.0,0.5
bev_txt,is_turn_right,ego_maneuver,0.096,0.0,0.0,0.174,0.0,0.5
bev_txt,is_u_turn,ego_maneuver,0.057,0.0,0.0,0.108,0.0,0.5
bev_txt,is_cruising,ego_maneuver,0.376,0.0166,0.0,0.546,0.004,0.5
bev_txt,is_stationary,ego_maneuver,0.245,0.0,0.0,0.394,0.0,0.5
bev_txt,is_accelerating,ego_maneuver,0.189,0.0301,0.0,0.319,-0.018,0.497
bev_txt,is_decelerating,ego_maneuver,0.189,0.0,0.0,0.319,0.0,0.5
bev_txt,lane_change,ego_maneuver,0.153,0.0,0.0,0.265,0.0,0.5
bev_txt,on_drivable_area,map_context,1.0,1.0,1.0,1.0,0.0,0.5
bev_txt,at_intersection,map_context,0.344,0.0,0.0,0.512,0.0,0.5
bev_txt,on_lane,map_context,0.656,0.7923,0.7923,0.792,0.0,0.5
bev_txt,on_ped_crossing,map_context,0.188,0.0,0.0,0.316,-0.047,0.494
bev_txt,on_stop_line,map_context,0.264,0.0442,0.0,0.418,0.001,0.5
bev_txt,ped_crossing_ahead,map_context,0.54,0.0,0.7011,0.701,-0.123,0.486
bev_txt,stop_line_ahead,map_context,0.75,0.0617,0.8571,0.857,0.09,0.516
bev_txt,intersection_ahead,map_context,0.861,0.0,0.9256,0.926,0.0,0.5
bev_txt,traffic_light_ahead,map_context,0.229,0.0,0.0,0.373,0.0,0.5
bev_txt,has_pedestrian,visible_objects,0.602,0.9275,0.7515,0.751,0.811,0.889
bev_txt,has_vehicle,visible_objects,0.93,0.9845,0.9637,0.964,0.806,0.943
bev_txt,parked_vehicle,visible_objects,0.576,0.043,0.7313,0.731,0.058,0.507
bev_txt,moving_vehicle,visible_objects,0.705,0.8682,0.8273,0.827,0.454,0.648
bev_txt,stopped_vehicle,visible_objects,0.409,0.0221,0.0,0.581,-0.067,0.49
bev_txt,large_vehicle,visible_objects,0.646,0.1863,0.7853,0.785,0.167,0.545
bev_txt,cyclist,visible_objects,0.174,0.2256,0.0,0.296,0.238,0.56
bev_txt,parked_bicycle,visible_objects,0.108,0.0,0.0,0.195,0.0,0.5
bev_txt,construction_object,visible_objects,0.323,0.0195,0.0,0.489,0.082,0.505
bev_txt,traffic_cone,visible_objects,0.215,0.8122,0.0,0.354,0.791,0.843
bev_txt,barrier,visible_objects,0.193,0.9191,0.0,0.323,0.901,0.94
bev_txt,pedestrian_near,visible_objects,0.239,0.6835,0.0,0.386,0.597,0.782
bev_txt,vehicle_near,visible_objects,0.451,0.6374,0.0,0.621,0.196,0.581
bev_txt,lead_vehicle,interaction,0.5,0.0249,0.6667,0.667,0.015,0.502
bev_txt,lead_braking,interaction,0.172,0.0,0.0,0.293,0.0,0.5
bev_txt,cut_in,interaction,0.174,0.0,0.0,0.296,0.0,0.5
bev_txt,pedestrian_crossing_path,interaction,0.156,0.0,0.0,0.27,0.0,0.5
both,is_going_straight,ego_maneuver,0.726,0.834,0.8413,0.841,0.177,0.558
both,is_turn_left,ego_maneuver,0.121,0.1667,0.0,0.216,0.089,0.535
both,is_turn_right,ego_maneuver,0.096,0.0294,0.0,0.174,0.011,0.502
both,is_u_turn,ego_maneuver,0.057,0.0,0.0,0.108,0.0,0.5
both,is_cruising,ego_maneuver,0.376,0.5373,0.0,0.546,0.028,0.509
both,is_stationary,ego_maneuver,0.245,0.0,0.0,0.394,0.0,0.5
both,is_accelerating,ego_maneuver,0.189,0.0,0.0,0.319,0.0,0.5
both,is_decelerating,ego_maneuver,0.189,0.0,0.0,0.319,-0.027,0.498
both,lane_change,ego_maneuver,0.153,0.0192,0.0,0.265,-0.009,0.499
both,on_drivable_area,map_context,1.0,1.0,1.0,1.0,0.0,0.5
both,at_intersection,map_context,0.344,0.3544,0.0,0.512,0.04,0.52
both,on_lane,map_context,0.656,0.7923,0.7923,0.792,0.0,0.5
both,on_ped_crossing,map_context,0.188,0.0,0.0,0.316,0.0,0.5
both,on_stop_line,map_context,0.264,0.0,0.0,0.418,0.0,0.5
both,ped_crossing_ahead,map_context,0.54,0.0059,0.7011,0.701,0.037,0.501
both,stop_line_ahead,map_context,0.75,0.0,0.8571,0.857,0.0,0.5
both,intersection_ahead,map_context,0.861,0.5183,0.9256,0.926,0.22,0.648
both,traffic_light_ahead,map_context,0.229,0.7295,0.0,0.373,0.645,0.85
both,has_pedestrian,visible_objects,0.602,0.6,0.7515,0.751,0.48,0.714
both,has_vehicle,visible_objects,0.93,0.9681,0.9637,0.964,0.581,0.811
both,parked_vehicle,visible_objects,0.576,0.5159,0.7313,0.731,0.371,0.657
both,moving_vehicle,visible_objects,0.705,0.8666,0.8273,0.827,0.522,0.752
both,stopped_vehicle,visible_objects,0.409,0.1897,0.0,0.581,-0.138,0.443
both,large_vehicle,visible_objects,0.646,0.5544,0.7853,0.785,0.394,0.681
both,cyclist,visible_objects,0.174,0.3704,0.0,0.296,0.432,0.614
both,parked_bicycle,visible_objects,0.108,0.0563,0.0,0.195,0.124,0.514
both,construction_object,visible_objects,0.323,0.7422,0.0,0.489,0.659,0.8
both,traffic_cone,visible_objects,0.215,0.7626,0.0,0.354,0.703,0.839
both,barrier,visible_objects,0.193,0.7171,0.0,0.323,0.647,0.832
both,pedestrian_near,visible_objects,0.239,0.75,0.0,0.386,0.668,0.843
both,vehicle_near,visible_objects,0.451,0.6612,0.0,0.621,0.275,0.582
both,lead_vehicle,interaction,0.5,0.713,0.6667,0.667,0.342,0.658
both,lead_braking,interaction,0.172,0.0339,0.0,0.293,0.009,0.502
both,cut_in,interaction,0.174,0.0,0.0,0.296,0.0,0.5
both,pedestrian_crossing_path,interaction,0.156,0.0,0.0,0.27,0.0,0.5
temporal,is_going_straight,ego_maneuver,0.726,0.8413,0.8413,0.841,0.0,0.5
temporal,is_turn_left,ego_maneuver,0.121,0.0,0.0,0.216,0.0,0.5
temporal,is_turn_right,ego_maneuver,0.096,0.0,0.0,0.174,0.0,0.5
temporal,is_u_turn,ego_maneuver,0.057,0.0,0.0,0.108,0.0,0.5
temporal,is_cruising,ego_maneuver,0.376,0.5463,0.0,0.546,0.0,0.5
temporal,is_stationary,ego_maneuver,0.245,0.0,0.0,0.394,0.0,0.5
temporal,is_accelerating,ego_maneuver,0.189,0.0,0.0,0.319,0.0,0.5
temporal,is_decelerating,ego_maneuver,0.189,0.0,0.0,0.319,0.0,0.5
temporal,lane_change,ego_maneuver,0.153,0.0,0.0,0.265,0.0,0.5
temporal,on_drivable_area,map_context,1.0,1.0,1.0,1.0,0.0,0.5
temporal,at_intersection,map_context,0.344,0.3711,0.0,0.512,0.097,0.545
temporal,on_lane,map_context,0.656,0.7923,0.7923,0.792,0.0,0.5
temporal,on_ped_crossing,map_context,0.188,0.0,0.0,0.316,0.0,0.5
temporal,on_stop_line,map_context,0.264,0.0,0.0,0.418,0.0,0.5
temporal,ped_crossing_ahead,map_context,0.54,0.0405,0.7011,0.701,0.098,0.51
temporal,stop_line_ahead,map_context,0.75,0.0,0.8571,0.857,0.0,0.5
temporal,intersection_ahead,map_context,0.861,0.4511,0.9256,0.926,0.186,0.618
temporal,traffic_light_ahead,map_context,0.229,0.6561,0.0,0.373,0.551,0.817
temporal,has_pedestrian,visible_objects,0.602,0.6076,0.7515,0.751,0.455,0.708
temporal,has_vehicle,visible_objects,0.93,0.9699,0.9637,0.964,0.604,0.823
temporal,parked_vehicle,visible_objects,0.576,0.5219,0.7313,0.731,0.385,0.663
temporal,moving_vehicle,visible_objects,0.705,0.8995,0.8273,0.827,0.628,0.791
temporal,stopped_vehicle,visible_objects,0.409,0.2053,0.0,0.581,-0.093,0.463
temporal,large_vehicle,visible_objects,0.646,0.5923,0.7853,0.785,0.374,0.681
temporal,cyclist,visible_objects,0.174,0.3231,0.0,0.296,0.406,0.596
temporal,parked_bicycle,visible_objects,0.108,0.0833,0.0,0.195,0.165,0.521
temporal,construction_object,visible_objects,0.323,0.6179,0.0,0.489,0.575,0.723
temporal,traffic_cone,visible_objects,0.215,0.633,0.0,0.354,0.586,0.741
temporal,barrier,visible_objects,0.193,0.7196,0.0,0.323,0.672,0.802
temporal,pedestrian_near,visible_objects,0.239,0.7103,0.0,0.386,0.614,0.82
temporal,vehicle_near,visible_objects,0.451,0.662,0.0,0.621,0.281,0.582
temporal,lead_vehicle,interaction,0.5,0.7085,0.6667,0.667,0.303,0.623
temporal,lead_braking,interaction,0.172,0.0,0.0,0.293,-0.018,0.499
temporal,cut_in,interaction,0.174,0.0,0.0,0.296,0.0,0.5
temporal,pedestrian_crossing_path,interaction,0.156,0.0594,0.0,0.27,0.161,0.515
